EmployeeID,FullName,Email,Password,PhoneNumber,SSN,DateOfBirth,Address,JobTitle,Department,StartDate,Salary
1,Shawn Young,smithlawrence@example.net,po6rQ+Df*W)0,(617)649-6807x88096,156-15-6170,1988-09-23,"61127 Harper Mission Suite 463, East Stephanie, NV 02072",Office manager,HR,2018-07-12,133918
2,Sean Wood,erica45@example.org,)a&5dbrPq8Vd,001-315-860-3704x137,432-41-7758,1983-12-23,"90611 Richardson Lock, Lake Lesliestad, MT 76001","Administrator, charities/voluntary organisations",Marketing,2019-02-28,78408
3,Carlos Carpenter,qmerritt@example.com,*b7TQJMvZ2Ti,001-738-235-2101x19426,389-67-5250,1987-11-16,"6799 Bradley Squares Suite 797, Kennethside, NH 85454",Ecologist,Engineering,2023-02-28,55339
4,Daniel Stewart,pbrown@example.net,9n+q5N^n*iM%,(872)711-5123x200,033-44-5245,1970-03-10,"9856 Scott Shores Suite 134, East Andreafurt, DC 80460",Retail manager,Marketing,2020-01-11,97422
5,Timothy Patel,buckleymark@example.net,)Y&QpbkGuP95,764.385.7297x407,330-98-3723,1973-11-06,"09511 Colton Ways, North Joshuaport, MT 83020",Patent attorney,Engineering,2017-05-15,111186
6,Christopher Burton,paulmartinez@example.com,@@a9_Yk9l3Cs,228-403-5494,465-02-2702,1995-05-22,"693 Lauren Knolls Suite 171, South Tyroneberg, SC 38092",Company secretary,HR,2017-01-18,67987
7,Donald Carter,pbell@example.org,5@FOiSdEgi8W,(915)315-4942,062-17-8637,1979-04-07,"939 Barry Way Suite 624, Timothymouth, AS 94798","Civil engineer, contracting",HR,2016-12-15,75718
8,Jesse Rhodes,carlsonbelinda@example.com,5a6NjgmSUKi!,275-326-5694,793-02-0356,1977-11-03,"10167 Crawford Roads Suite 401, Port John, KS 78721","Radiographer, diagnostic",Finance,2018-07-27,95494
9,Tracy Christensen,dennislopez@example.com,*24Bpwuk@r91,(737)970-7477x870,491-18-5873,1996-05-05,"43859 Schwartz Trail Apt. 051, Hamiltontown, MH 90968",Science writer,Finance,2021-04-26,55632
10,Dawn Sanchez,vserrano@example.com,@vYKwU5z_V8f,5438189900,788-77-2048,1974-06-17,"86147 Phillip Squares, Smithburgh, KY 14279",Medical physicist,Marketing,2016-02-01,114675
11,Derrick Sparks,gardnerrebecca@example.net,%d!8vZkJ4pIW,(997)328-8701x0112,017-55-7018,1989-01-14,"427 Bray Alley, Smithberg, PR 94206","Surveyor, planning and development",HR,2020-05-16,77010
12,Ryan Cole,martinezgabrielle@example.com,@z&T5!Gm9s4X,+1-821-609-7475x10354,588-61-1659,1974-03-03,"1357 Caitlyn Knolls Apt. 293, New Ethanburgh, AK 32174",Web designer,Engineering,2016-07-25,119786
13,David Moss,johnnylawrence@example.com,!6!+eXRlHuU$,562.899.1801,250-99-7375,1988-03-05,"PSC 8765, Box 4628, APO AP 04180","Scientist, research (life sciences)",Engineering,2018-02-26,97214
14,Ruth Richards,samuel29@example.net,Cfb**QBO^2Ow,621.701.0517,246-17-4054,1971-08-13,"59583 Hays Fall Suite 921, Lisashire, VI 06757",Plant breeder/geneticist,Engineering,2022-06-18,98878
15,Brittany Maddox,avilajohn@example.com,23Bs+D(kwf#g,592.648.7138x6419,300-12-1090,1966-08-30,"9653 Steven Parkway Apt. 969, Grimesport, GU 76672","Producer, television/film/video",Finance,2017-06-21,146883
16,Tara Joyce,uhall@example.com,qrR5dkmnEB2(,(268)428-5923,778-14-3226,1966-01-31,"586 Rebecca Station Suite 433, Lauraview, VI 25434",Waste management officer,Finance,2017-11-19,83669
17,Jeffrey Walsh,joyce48@example.org,KxzDup3y!X5L,296.827.7055x96545,760-95-8470,2001-08-14,"Unit 7694 Box 6215, DPO AE 41835","Teacher, early years/pre",Marketing,2017-06-04,113797
18,Derek Barker,kellypatricia@example.com,e@9bQE0bKylW,+1-987-568-2472x3109,867-94-1226,1989-05-23,"0029 Mercado Club, New Scott, AL 17975",Psychiatrist,Marketing,2015-12-01,83892
19,Brenda Wilcox,wendy38@example.org,3n!7fWc2$3+7,2992677723,323-81-0662,2000-09-21,"467 Moon Loop, Jennifertown, FL 01984","Engineer, civil (contracting)",Marketing,2019-07-05,117889
20,Roberto Guerrero,davidwilliams@example.net,z*1JXqd2y+R6,(806)253-0003,543-02-2193,1994-05-28,"068 Antonio Trace, Staceystad, IA 15567",Logistics and distribution manager,Engineering,2017-09-26,90424
21,Mark Galvan,swansonjeremy@example.com,7VV%zsqS*N8G,611-561-8629x69689,652-81-3326,1977-03-01,"201 James Passage Suite 837, Johnsonhaven, WI 47307","Administrator, arts",Engineering,2019-01-13,115514
22,Krista Glover,joshuawhitehead@example.org,$$69nGi7l@9V,324.584.8220x1060,397-29-4178,1964-08-18,"8411 Valerie Lane, Kelseyburgh, PA 52715",Education administrator,HR,2024-01-29,93263
23,Brittany Chambers,danny72@example.net,$)5q5_4oK5Kl,282-830-3083x941,626-76-2372,1994-07-04,"001 Robin Prairie Apt. 439, Vincentfurt, AK 92487","Secretary, company",Marketing,2017-08-01,112243
24,Jaclyn Moore,plewis@example.com,J%QcveQenQ^8,001-837-681-1649x49345,244-52-5522,1996-02-20,"34696 Angela Orchard, Huffport, MO 95251",Radio producer,Marketing,2023-08-16,78053
25,Mike Wallace,annechristensen@example.net,64sUDBrke$4@,360.638.7920x15586,518-04-6709,1966-04-09,"28980 Lewis Grove, Christianshire, KS 80509",Occupational therapist,Marketing,2020-10-17,75793
26,Katherine Wilson,qcruz@example.com,#7KT^K4GrfUz,6378011378,709-64-7979,1978-08-27,"3730 John Street, Ericksonfurt, DE 23990",Occupational hygienist,Marketing,2016-03-10,149413
27,Douglas Ortiz,eavery@example.org,^S6+aBD739C%,+1-363-774-1837x16752,865-09-4834,1968-05-13,"2469 Kevin Walk, Williamsshire, NC 51315",Actuary,HR,2016-08-31,137143
28,Melissa Simmons,robinglover@example.com,03M5QpbV#ES8,6889643080,780-78-1785,1973-04-09,"707 Margaret Way Suite 143, Carterhaven, DE 68189",Industrial/product designer,Sales,2017-01-04,145254
29,Jacob Miller,kristinacruz@example.net,)7vfPFie$^#E,745.698.1294,884-40-8364,1986-01-17,"396 Maldonado Crossing Suite 260, Wilsonside, HI 70281",Publishing rights manager,Marketing,2018-06-14,115529
30,Paul Brown,ian49@example.org,uPf#*SKA^7iB,8072798263,397-17-7575,1969-09-03,"411 Owens Flats, West Ericside, UT 81113",TEFL teacher,Engineering,2022-06-11,96231
31,Jessica Bean,gonzaleshenry@example.com,)*EjzXqv3s4L,404-398-4334x81150,880-17-7850,1994-05-08,"5876 Matthew Mission, East Julieville, MA 78087",Chartered loss adjuster,Finance,2023-10-22,74583
32,Theresa Campbell,kramsey@example.com,SP()Jc+a9u)Y,(696)741-9680x6344,542-55-5438,1980-11-18,"873 Adriana Extensions, West Tyler, CA 48043",Hospital doctor,Sales,2015-08-18,128870
33,Joshua Walker,dalton00@example.org,RUojETyo&2Eo,+1-948-482-7959x187,809-35-8954,1985-10-04,"4805 Robert Ford Apt. 831, Gomeztown, FL 87500",Tourist information centre manager,Engineering,2020-11-09,83690
34,James Smith,sheltonjuan@example.com,i9+i%wy#P0Fg,824.409.2086x27930,617-21-7441,1971-04-26,"0426 Tracey Isle, West Janetborough, DC 05377",Mechanical engineer,Sales,2021-01-07,52216
35,Mr. Timothy Garcia Jr.,gmooney@example.com,IcUbrL)t$%d3,2178958883,354-02-3156,1986-02-27,"3783 Shannon Circles Apt. 248, Marissastad, IA 71542","Lecturer, further education",Marketing,2018-08-29,145739
36,John King,allenrachel@example.org,(@1Hd_UB%)#O,3638264816,034-81-7050,1970-11-17,"765 Freeman Inlet Suite 548, Kendraberg, NH 97490","Pharmacist, community",HR,2024-07-25,125945
37,Ruth Bennett,donald74@example.net,*(KB5kPu624f,(951)981-0823x686,009-01-7077,1997-06-14,"48921 Sydney Rapids Suite 147, Port Monica, NV 40855",Broadcast engineer,Engineering,2019-02-04,65102
38,Melissa Miller,campbellkimberly@example.org,L&95_owj!D%S,001-350-945-9628x37150,781-17-4242,1997-01-28,"433 Rios Isle, Longstad, WV 21488",Orthoptist,Finance,2023-05-03,110211
39,Angela Davis,joneswendy@example.net,$aHHwL$qj8rZ,001-525-946-4230x585,292-67-0180,2002-06-14,"8657 Wheeler Lake, South James, VT 46827",Public house manager,HR,2017-09-11,69322
40,Jeffrey Stafford,westlaura@example.com,gs*A2WHegb0C,713-918-7947x458,064-89-4654,1994-12-01,"661 Manning Unions Apt. 976, Brendafort, WA 13245","Development worker, international aid",Marketing,2022-03-18,70475
41,Sherry Martin,smitheric@example.com,g4$XAwys2700,410.390.3238x00847,290-74-2808,1998-01-16,"59718 Kristine Drives, South Stephanieshire, FM 87747",Physiotherapist,Finance,2024-05-26,119910
42,Heather Sanders,adamsryan@example.org,!3DDrAhp(NQU,(746)635-7853x231,286-15-4553,1973-11-02,"62867 Williams Forks Suite 613, Port Bryanbury, IA 06706","Research officer, trade union",Engineering,2020-03-10,87820
43,Laura Mahoney,palmerroberto@example.net,3)#2$CdtCD+l,001-855-451-8065x5457,082-51-8721,1977-03-18,"USNS Keller, FPO AE 36147",Colour technologist,Sales,2018-06-15,133453
44,Kimberly Roberts,jade62@example.com,_7lhfcJ3*uAU,7905296778,756-52-3328,1967-06-21,"817 Newton Knoll, Teresaport, PW 33495",Chief Strategy Officer,Marketing,2025-06-14,136977
45,Travis Roach,brianna58@example.org,+1_EddyB0y7Z,001-434-471-5621x0630,254-79-6174,1988-03-05,"6302 Mandy Meadows Suite 980, Gomezville, NH 24895",Lawyer,Engineering,2020-06-16,144062
46,Michelle Reynolds,williamfitzpatrick@example.org,e$!1HlJa4x_p,4262559609,439-54-1680,1967-08-27,"76550 Brian Center, Laurabury, MT 64980",Amenity horticulturist,Sales,2018-04-13,121533
47,Samuel Green,tinatorres@example.net,6vZGfrPa^DL!,723.392.9374x87785,603-97-8508,1986-01-08,"852 King Plain, Lake Christophershire, NJ 03543","Clinical scientist, histocompatibility and immunogenetics",Finance,2022-12-06,140472
48,Ms. Leslie Collins,wunicholas@example.com,^!AWLkX3_76E,3072628191,095-75-5672,2000-08-21,"0409 Hendrix Fields, Meredithberg, MD 14297",Retail manager,Sales,2018-01-07,98173
49,Amanda Lynch,vjohnson@example.net,xI8T9NochNI#,001-881-596-3043x30204,571-45-6463,1970-07-29,"60997 Glass Loop Apt. 244, Christinestad, KS 30377",Associate Professor,Marketing,2022-04-14,76080
50,Katherine Marshall,robinsonaustin@example.org,0yk6QtGi%lkb,001-305-971-0205x67445,785-30-9348,1976-05-22,"910 Gutierrez Forks Apt. 438, Joshuaburgh, OR 63544",Retail buyer,HR,2023-07-19,124164
51,Joseph Dean,csmith@example.net,!6ivoPzVy4wi,(352)999-6045x06463,472-51-6191,1974-09-10,"8701 Eugene Curve Apt. 748, Lisaview, MD 02748","Development worker, international aid",Finance,2015-07-13,133369
52,Brittany Stone,sglass@example.net,)+AI2eWyr+qf,001-420-840-5031,508-10-1537,1990-12-01,"70958 Isaac Spurs Suite 902, West Kyleberg, CO 64705",Electrical engineer,Finance,2023-08-17,135845
53,Brandon Rasmussen,nancy87@example.net,0BhEIqek!0r9,728.322.7830x9909,233-82-3992,1993-07-08,"4521 Mason Drive, Michelleside, ME 22306",Colour technologist,Sales,2025-04-15,73599
54,Brian Marshall,lmiller@example.org,OdjFy3Wu_2n5,(288)855-7355,378-05-8552,1975-12-24,"3039 Caldwell Crescent Apt. 569, West Tamaramouth, NM 52429",Quantity surveyor,Sales,2019-05-15,95898
55,Robin Lynn,derrickcraig@example.org,L)Zbn4tA!8Da,+1-864-855-8073,651-50-9569,1996-06-03,"USNS Smith, FPO AA 42094",Town planner,Finance,2017-01-25,59657
56,Mary Olson,morganjarvis@example.com,&Y^T6%eKD1E),790.653.2034,227-14-3090,1992-05-29,"10655 Gray Burg, Brookeshire, CA 01459","Designer, multimedia",Marketing,2016-03-02,143986
57,Courtney Jackson,rkhan@example.net,%(%7wEgz1*4v,489-994-8706,088-54-3624,1984-11-19,"516 Moore Viaduct, North Charlesport, VA 93826",Arts development officer,Finance,2025-01-07,77347
58,Brandon Jones,wilkinsmark@example.com,Tf%XIqTu^66b,758.460.3950,085-40-3896,1979-10-04,"USNS Good, FPO AE 32243",Operations geologist,HR,2019-10-22,119912
59,Luis Webster,obailey@example.com,c8!z9hvQ#qDl,968-807-1724,217-64-6624,1988-11-28,"Unit 9924 Box 6788, DPO AP 87234","Secretary, company",Marketing,2023-07-07,128578
60,Cynthia Sanchez,hopkinslauren@example.org,t$l06RWxEK9v,964.412.0992,646-18-3874,1967-03-20,"11317 Jamie Roads Suite 996, North Stephaniehaven, MN 35601",Logistics and distribution manager,Sales,2020-04-01,113139
61,Michael Figueroa,fanderson@example.net,%^&5AEkq+#5*,299-872-6840x03295,156-88-7017,1986-12-09,"7906 Carter Cliffs, East Matthew, TX 59140",Ambulance person,Engineering,2020-08-28,102575
62,Megan Johnson,pthompson@example.com,hpFimRNu^8Mx,2487921640,431-08-3913,1989-05-30,"81804 Alan Expressway Apt. 779, New Amymouth, GU 46591",Theatre stage manager,HR,2024-08-18,147300
63,Mary Moreno,spencerwilliam@example.com,L_2Jc$xreqIC,3264954635,501-80-4017,1965-12-03,"61357 Sara Ways, Harrisonhaven, WI 92994",Sport and exercise psychologist,Finance,2016-07-21,137424
64,Kevin Reynolds,wevans@example.org,m%(8Qtmr^eM6,+1-717-959-4243x206,257-23-1538,1981-12-05,"477 Jennifer Centers, Melissaport, SD 01204",Administrator,Finance,2019-06-01,92057
65,Michael Owens,leekevin@example.net,R1Rf%kF$+AV_,467.729.8845,697-69-3239,1998-05-23,"001 Stephanie Prairie, Omarberg, PW 63309",Air cabin crew,Engineering,2022-01-12,70078
66,Eugene Patel,katherine42@example.com,+%gNA%2go5E8,001-200-966-0851x3333,895-50-7335,1976-01-22,"5104 Miguel Lakes, Nancyburgh, CO 02037","Psychologist, prison and probation services",Marketing,2016-04-17,114575
67,Charles Adams,greed@example.com,1Ub5xKydMn__,(455)473-4529,100-74-2922,1977-11-13,"128 Lisa Islands Apt. 691, Singletonmouth, DC 01232",Lobbyist,Sales,2024-02-01,69325
68,Anna Harris,sheila46@example.com,M()35Fpwt#Vr,689.418.8488x529,707-22-7037,1991-04-08,"08561 Jeff Camp, Port Bailey, MT 68035",Retail manager,Marketing,2021-11-04,118712
69,Carlos White,mariamitchell@example.com,0&1Q1bElPi^&,647.683.2407x14748,412-67-4552,1984-12-10,"2292 Coleman Points, Saundersmouth, MT 41634",Mining engineer,HR,2021-01-23,67502
70,Cristina Wright,xevans@example.com,!IX!g8xIa+9$,(977)300-6489x126,062-83-1193,1984-03-24,"5190 Cynthia Village, Michaelchester, LA 64946","Programmer, multimedia",Sales,2015-12-07,121526
71,Eric Hunt,hernandezelizabeth@example.org,HyoMMOr8)3MC,001-440-254-9523x1249,017-04-2816,1993-12-17,"4174 Carrie Views Suite 058, West Robert, GA 39766","Engineer, biomedical",HR,2015-08-28,115441
72,Joseph Whitney,keith47@example.org,A&OQo8Vxlc)d,+1-465-229-9534x213,095-82-6203,1965-12-17,"078 Jessica Freeway Suite 949, Port Kimberlymouth, MD 54492",Careers information officer,Engineering,2022-03-04,89411
73,Stephanie Alexander,sheilaholland@example.org,O^gm^fNovo74,239.821.2488,060-51-0262,2002-01-09,"200 Wilson View, South Robert, IA 39537",Fish farm manager,Engineering,2021-03-24,115386
74,David Beltran,jameswilson@example.org,E1N#1Juh1!e@,661.367.8345x8774,661-99-9266,1977-11-28,"78778 Le Rue Apt. 808, Allisonburgh, IL 90256",Claims inspector/assessor,HR,2020-09-30,75719
75,Michael Rasmussen,rpittman@example.com,*@2*J4QRewSF,718.923.8613x7551,042-34-7957,1981-02-15,"755 Marcus Gardens Apt. 014, North Christianland, NC 89577",Quality manager,Engineering,2018-12-03,94281
76,Savannah Levine,olsenthomas@example.org,%7O6BbNvGyD6,(246)580-5746,180-68-8932,1969-07-05,"1322 Yvette Ridge, Reyesshire, ID 15195","Pharmacist, community",HR,2021-02-05,60067
77,Wesley Smith,darnold@example.net,5nuL21Su97@(,+1-929-513-6168x7110,552-61-0051,1965-01-20,"PSC 2151, Box 1130, APO AA 29169",Water engineer,Finance,2017-01-05,93728
78,Justin Perkins,stevenlong@example.org,U@SWovoDi!1G,(950)588-2324,270-61-7786,1980-05-26,"43932 Sims Crossing Apt. 872, Arthurchester, NC 58950","Scientist, biomedical",Finance,2021-05-10,149194
79,Kimberly Gross,richard16@example.com,Y)6Tc1^fKenn,+1-630-630-8382x00726,353-49-7645,1987-05-21,"775 Clay Highway Apt. 417, Huntertown, MS 75385",Exercise physiologist,Marketing,2020-11-15,52222
80,Tiffany Wright,blanchardleslie@example.net,w%ipvTJN5f0Q,+1-278-480-9260x188,680-19-1461,1968-09-24,"44876 Butler Brooks, East Margaretmouth, NJ 75987","Journalist, newspaper",Sales,2016-08-08,82599
81,Lauren Johnson,danielle65@example.org,gwOSqyAS@4MT,+1-834-668-7767x92014,511-46-2197,1993-11-16,"560 Coleman Branch Apt. 877, Aprilshire, KY 25557",Contracting civil engineer,HR,2022-01-14,117749
82,Gloria Ross,michaelmichael@example.net,@28sHQBiMrp5,+1-262-529-2943x317,353-69-8505,1996-09-11,"USS Wright, FPO AA 89924","Chemist, analytical",Marketing,2025-05-03,76103
83,Danielle Mata,sherylgardner@example.org,&9qW^pX@4KU&,479.899.4465x55632,514-33-1279,1972-03-06,"5506 Parks Ville Suite 076, Harrisonview, DE 91928",Land/geomatics surveyor,Sales,2020-04-30,64774
84,Tara Brown,nicholas21@example.org,E0QTKJmf(Pc7,4556105199,142-76-4959,1998-10-07,"83536 Smith Corners, Parkerfort, MO 54341",Make,HR,2020-05-26,146617
85,Dillon Rose,ross53@example.net,ax0AtVhb!7D7,001-581-794-6393,848-04-7392,1994-10-11,"86765 Chris Harbors, Paulaside, SC 33825","Radiographer, diagnostic",Marketing,2021-05-08,89972
86,Michael Swanson,alice76@example.net,)(5QhDDrfU7X,(401)827-5506x9968,136-72-9423,1998-01-23,"Unit 8534 Box 0134, DPO AP 48218",Outdoor activities/education manager,HR,2021-01-15,111807
87,Shawn White,mooremaria@example.org,$4B)sY_wA361,+1-561-665-1032,043-50-5976,1985-02-18,"80022 Coleman Burg Suite 404, Riggsborough, WA 29392",Management consultant,Finance,2024-03-12,67945
88,Kayla Thomas,thomaswang@example.org,)B6oeuPy_9&I,477-490-2535x559,848-47-2713,1965-04-26,"6693 Nicholas Field Apt. 554, Johnshire, NH 74358",Immunologist,Engineering,2017-07-01,126714
89,Julie Cortez,brettwright@example.net,*95$nmE3_UOt,569.981.8393,405-96-3705,1994-03-18,"026 Kennedy Locks Suite 483, North Annberg, AZ 59821",Secondary school teacher,HR,2019-01-20,68742
90,Mrs. Sheri Maddox,colton11@example.net,@B^NMpxB)$5Y,2762434310,577-50-0818,1995-10-29,"1525 Bryan Lights Suite 275, Lanefurt, AK 16921",Social worker,Engineering,2020-04-26,79723
91,Crystal Smith,wwilliams@example.net,Nj^SyleFhD8s,001-549-826-8980x8938,071-62-3812,1969-10-10,"2662 Logan Squares, Clayton, AZ 98203","Engineer, maintenance (IT)",HR,2021-07-13,118259
92,Christopher Little,cooperkari@example.com,&w6YPsJ4Z@%R,311-760-2414,074-04-7685,1976-02-23,"7029 Harrison Park Apt. 036, Lake Dawn, NV 47140",Bonds trader,Engineering,2020-02-02,112901
93,Peter Henderson,jessejackson@example.net,d(YCr8Jc@+0O,727-331-0987x4104,475-35-6737,1993-07-10,"Unit 2589 Box 2274, DPO AE 52590","Doctor, hospital",Sales,2022-10-05,107226
94,Andrew Stein MD,lmiller@example.com,e1yCNgS(^4kI,295.287.2537x57353,463-26-8975,1999-06-03,"44074 Martha Islands Suite 686, Thompsonmouth, AZ 14907",Community development worker,Engineering,2022-05-31,148491
95,Jessica Park,znguyen@example.com,(5WllAClmuAE,586.916.5647x5974,585-64-8414,1969-07-19,"82432 Laura Meadow, Singletonville, FM 53919",Software engineer,Engineering,2017-07-12,75503
96,Ariel Hendricks,yjackson@example.org,YQM^9Nfm9^9J,001-250-317-3302x8549,336-68-5039,1989-03-19,"153 Tyler Path, North Tanya, FL 46950",Games developer,HR,2021-08-16,148590
97,Jennifer Collier,jennifer61@example.net,_INaeXwH_2ZI,(235)461-2603,454-50-2909,1977-11-20,"0258 Jeffery Cliffs Apt. 649, Smithborough, MH 14591","Education officer, environmental",Engineering,2021-05-05,113379
98,Bobby Wolf,ashleylawrence@example.net,)xN^XWDyw1g0,301-995-4064x395,166-45-6845,1984-05-11,"83229 Burnett Rapids Suite 952, Trevorfurt, WI 76288",Data processing manager,Marketing,2023-12-22,115635
99,Mr. Don Wong,dominguezmichael@example.org,8_ORsC2r^T^A,296-231-0511x09461,558-21-6079,1990-02-25,"521 Pamela Parkway, Smithfurt, TX 47852",Office manager,Engineering,2015-09-03,63824
100,Kayla Ferguson,ucooper@example.net,(0rhI$cIckKh,481-655-2237,244-40-0232,1995-01-16,"93969 Bates Islands Apt. 759, Adamshire, VT 63915","Surveyor, building control",Sales,2020-10-14,88103
